id	family	language	qwen_tuning	user_prompt	assistant_slots	gam_numeric_pose	current_depth	action_reads_current	action_decode	purpose
G0	GAM	t5	frozen	raw_instruction	0	off	off	off	full	Exact GAM-style T5/no-pose reference
G1	GAM	t5	frozen	raw_instruction	0	on	off	off	full	Direct numeric-pose main effect
C0	Condition	qwen	frozen	image_raw_instruction	0	off	off	off	full	Frozen VLM condition replaces T5
C1	Condition	qwen	frozen	image_raw_instruction	0	on	off	off	full	Frozen VLM condition plus numeric pose
Q0	Query-VLA	qwen	lora32	image_state_action_question	0	off	on	on	full	External five-query semantic and geometry banks
S0	Slot-VLA	qwen	lora32	image_state_action_question	5	off	off	off	full	Five Qwen action slots without Current branch
S1	Slot-VLA	qwen	lora32	image_state_action_question	5	off	on	off	full	Current depth as auxiliary supervision only
S2	Slot-VLA	qwen	lora32	image_state_action_question	5	off	on	on	full	Main slot model with Current Geometry Bank
R1	Slot-VLA	qwen	lora32	image_state_action_question	5	off	on	on	geometry_residual	VLA base action plus zero-initialized geometry correction
DV	Dual-view diagnostic	qwen	lora32	image_state_action_question	0	off	on	joint_dual	learned_fusion	Current/Future branch supervision and learned fusion
